{
    "v": "5.6.5",
    "fr": 30,
    "ip": 0,
    "op": 40,
    "w": 32,
    "h": 32,
    "nm": "activity",
    "ddd": 0,
    "assets": [],
    "layers": [
        {
            "ddd": 0,
            "ind": 1,
            "ty": 4,
            "nm": "activity Outlines",
            "sr": 1,
            "ks": {
                "o": { "a": 0, "k": 100, "ix": 11 },
                "r": { "a": 0, "k": 0, "ix": 10 },
                "p": { "a": 0, "k": [16, 16, 0], "ix": 2 },
                "a": { "a": 0, "k": [12, 12, 0], "ix": 1 },
                "s": { "a": 0, "k": [100, 100, 100], "ix": 6 }
            },
            "ao": 0,
            "shapes": [
                {
                    "ty": "gr",
                    "it": [
                        {
                            "ind": 0,
                            "ty": "sh",
                            "ix": 1,
                            "ks": {
                                "a": 0,
                                "k": {
                                    "i": [
                                        [0, 0],
                                        [0, 0],
                                        [0, 0],
                                        [0, 0],
                                        [0, 0],
                                        [0, 0]
                                    ],
                                    "o": [
                                        [0, 0],
                                        [0, 0],
                                        [0, 0],
                                        [0, 0],
                                        [0, 0],
                                        [0, 0]
                                    ],
                                    "v": [
                                        [12, 0],
                                        [6, 0],
                                        [3, 9],
                                        [-3, -9],
                                        [-6, 0],
                                        [-12, 0]
                                    ],
                                    "c": false
                                },
                                "ix": 2
                            },
                            "nm": "Path 1",
                            "mn": "ADBE Vector Shape - Group",
                            "hd": false
                        },
                        {
                            "ty": "tm",
                            "s": {
                                "a": 1,
                                "k": [
                                    {
                                        "i": { "x": [0.667], "y": [1] },
                                        "o": { "x": [0.167], "y": [0.167] },
                                        "t": 13,
                                        "s": [100]
                                    },
                                    { "t": 40, "s": [4] }
                                ],
                                "ix": 1
                            },
                            "e": {
                                "a": 1,
                                "k": [
                                    {
                                        "i": { "x": [0.833], "y": [0.833] },
                                        "o": { "x": [0.167], "y": [0.167] },
                                        "t": 13,
                                        "s": [100]
                                    },
                                    { "t": 40, "s": [96] }
                                ],
                                "ix": 2
                            },
                            "o": { "a": 0, "k": 0, "ix": 3 },
                            "m": 1,
                            "ix": 2,
                            "nm": "Trim Paths 1",
                            "mn": "ADBE Vector Filter - Trim",
                            "hd": false
                        },
                        {
                            "ty": "st",
                            "c": { "a": 0, "k": [1, 1, 1, 1], "ix": 3 },
                            "o": { "a": 0, "k": 100, "ix": 4 },
                            "w": { "a": 0, "k": 2, "ix": 5 },
                            "lc": 2,
                            "lj": 2,
                            "bm": 0,
                            "nm": "Stroke 1",
                            "mn": "ADBE Vector Graphic - Stroke",
                            "hd": false
                        },
                        {
                            "ty": "tr",
                            "p": { "a": 0, "k": [12, 12], "ix": 2 },
                            "a": { "a": 0, "k": [0, 0], "ix": 1 },
                            "s": { "a": 0, "k": [100, 100], "ix": 3 },
                            "r": { "a": 0, "k": 0, "ix": 6 },
                            "o": { "a": 0, "k": 100, "ix": 7 },
                            "sk": { "a": 0, "k": 0, "ix": 4 },
                            "sa": { "a": 0, "k": 0, "ix": 5 },
                            "nm": "Transform"
                        }
                    ],
                    "nm": "2",
                    "np": 3,
                    "cix": 2,
                    "bm": 0,
                    "ix": 1,
                    "mn": "ADBE Vector Group",
                    "hd": false
                },
                {
                    "ty": "gr",
                    "it": [
                        {
                            "ind": 0,
                            "ty": "sh",
                            "ix": 1,
                            "ks": {
                                "a": 0,
                                "k": {
                                    "i": [
                                        [0, 0],
                                        [0, 0],
                                        [0, 0],
                                        [0, 0],
                                        [0, 0],
                                        [0, 0]
                                    ],
                                    "o": [
                                        [0, 0],
                                        [0, 0],
                                        [0, 0],
                                        [0, 0],
                                        [0, 0],
                                        [0, 0]
                                    ],
                                    "v": [
                                        [12, 0],
                                        [6, 0],
                                        [3, 9],
                                        [-3, -9],
                                        [-6, 0],
                                        [-12, 0]
                                    ],
                                    "c": false
                                },
                                "ix": 2
                            },
                            "nm": "Path 1",
                            "mn": "ADBE Vector Shape - Group",
                            "hd": false
                        },
                        {
                            "ty": "tm",
                            "s": {
                                "a": 1,
                                "k": [
                                    {
                                        "i": { "x": [0.833], "y": [0.833] },
                                        "o": { "x": [0.167], "y": [0.167] },
                                        "t": 0,
                                        "s": [4]
                                    },
                                    { "t": 5, "s": [0] }
                                ],
                                "ix": 1
                            },
                            "e": {
                                "a": 1,
                                "k": [
                                    {
                                        "i": { "x": [0.833], "y": [0.833] },
                                        "o": { "x": [0.333], "y": [0] },
                                        "t": 0,
                                        "s": [96]
                                    },
                                    { "t": 15, "s": [0] }
                                ],
                                "ix": 2
                            },
                            "o": { "a": 0, "k": 0, "ix": 3 },
                            "m": 1,
                            "ix": 2,
                            "nm": "Trim Paths 1",
                            "mn": "ADBE Vector Filter - Trim",
                            "hd": false
                        },
                        {
                            "ty": "st",
                            "c": { "a": 0, "k": [1, 1, 1, 1], "ix": 3 },
                            "o": { "a": 0, "k": 100, "ix": 4 },
                            "w": { "a": 0, "k": 2, "ix": 5 },
                            "lc": 2,
                            "lj": 2,
                            "bm": 0,
                            "nm": "Stroke 1",
                            "mn": "ADBE Vector Graphic - Stroke",
                            "hd": false
                        },
                        {
                            "ty": "tr",
                            "p": { "a": 0, "k": [12, 12], "ix": 2 },
                            "a": { "a": 0, "k": [0, 0], "ix": 1 },
                            "s": { "a": 0, "k": [100, 100], "ix": 3 },
                            "r": { "a": 0, "k": 0, "ix": 6 },
                            "o": { "a": 0, "k": 100, "ix": 7 },
                            "sk": { "a": 0, "k": 0, "ix": 4 },
                            "sa": { "a": 0, "k": 0, "ix": 5 },
                            "nm": "Transform"
                        }
                    ],
                    "nm": "1",
                    "np": 3,
                    "cix": 2,
                    "bm": 0,
                    "ix": 2,
                    "mn": "ADBE Vector Group",
                    "hd": false
                }
            ],
            "ip": 0,
            "op": 41,
            "st": 0,
            "bm": 0
        }
    ],
    "markers": []
}
