{"v": "5.6.5", "fr": 30, "ip": 0, "op": 46, "w": 32, "h": 32, "nm": "loading V2", "ddd": 0, "assets": [], "layers": [{"ddd": 0, "ind": 1, "ty": 4, "nm": "Loading V2", "sr": 1, "ks": {"o": {"a": 0, "k": 100, "ix": 11}, "r": {"a": 0, "k": 0, "ix": 10}, "p": {"a": 0, "k": [16, 16, 0], "ix": 2}, "a": {"a": 0, "k": [12, 12, 0], "ix": 1}, "s": {"a": 0, "k": [100, 100, 100], "ix": 6}}, "ao": 0, "shapes": [{"ty": "gr", "it": [{"ind": 0, "ty": "sh", "ix": 1, "ks": {"a": 0, "k": {"i": [[0, 0], [0, 0], [0, 0], [0, 0]], "o": [[0, 0], [0, 0], [0, 0], [0, 0]], "v": [[-3, 3], [3, 3], [3, -3], [-3, -3]], "c": true}, "ix": 2}, "nm": "Path 1", "mn": "ADBE Vector Shape - Group", "hd": false}, {"ty": "fl", "c": {"a": 0, "k": [0.25882352941176473, 0.6784313725490196, 0.996078431372549, 1], "ix": 4}, "o": {"a": 0, "k": 100, "ix": 5}, "r": 1, "bm": 0, "nm": "Fill 1", "mn": "ADBE Vector Graphic - Fill", "hd": false}, {"ty": "tr", "p": {"a": 0, "k": [21, 21], "ix": 2}, "a": {"a": 0, "k": [0, 0], "ix": 1}, "s": {"a": 1, "k": [{"i": {"x": [0.667, 0.667], "y": [1, 1]}, "o": {"x": [0.333, 0.333], "y": [0, 0]}, "t": 18, "s": [0, 0]}, {"i": {"x": [0.667, 0.667], "y": [1, 1]}, "o": {"x": [0.333, 0.333], "y": [0, 0]}, "t": 28, "s": [100, 100]}, {"i": {"x": [0.667, 0.667], "y": [1, 1]}, "o": {"x": [0.333, 0.333], "y": [0, 0]}, "t": 36, "s": [100, 100]}, {"t": 46, "s": [0, 0]}], "ix": 3}, "r": {"a": 0, "k": 0, "ix": 6}, "o": {"a": 0, "k": 100, "ix": 7}, "sk": {"a": 0, "k": 0, "ix": 4}, "sa": {"a": 0, "k": 0, "ix": 5}, "nm": "Transform"}], "nm": "7", "np": 2, "cix": 2, "bm": 0, "ix": 1, "mn": "ADBE Vector Group", "hd": false}, {"ty": "gr", "it": [{"ty": "gr", "it": [{"ind": 0, "ty": "sh", "ix": 1, "ks": {"a": 0, "k": {"i": [[0, 0], [0, 0], [0, 0], [0, 0]], "o": [[0, 0], [0, 0], [0, 0], [0, 0]], "v": [[-3, 3], [3, 3], [3, -3], [-3, -3]], "c": true}, "ix": 2}, "nm": "Path 1", "mn": "ADBE Vector Shape - Group", "hd": false}, {"ty": "fl", "c": {"a": 0, "k": [0.25882352941176473, 0.6784313725490196, 0.996078431372549, 1], "ix": 4}, "o": {"a": 0, "k": 100, "ix": 5}, "r": 1, "bm": 0, "nm": "Fill 1", "mn": "ADBE Vector Graphic - Fill", "hd": false}, {"ty": "tr", "p": {"a": 0, "k": [15, 21], "ix": 2}, "a": {"a": 0, "k": [0, 0], "ix": 1}, "s": {"a": 1, "k": [{"i": {"x": [0.667, 0.667], "y": [1, 1]}, "o": {"x": [0.333, 0.333], "y": [0, 0]}, "t": 15, "s": [0, 0]}, {"i": {"x": [0.667, 0.667], "y": [1, 1]}, "o": {"x": [0.333, 0.333], "y": [0, 0]}, "t": 25, "s": [100, 100]}, {"i": {"x": [0.667, 0.667], "y": [1, 1]}, "o": {"x": [0.333, 0.333], "y": [0, 0]}, "t": 33, "s": [100, 100]}, {"t": 43, "s": [0, 0]}], "ix": 3}, "r": {"a": 0, "k": 0, "ix": 6}, "o": {"a": 0, "k": 100, "ix": 7}, "sk": {"a": 0, "k": 0, "ix": 4}, "sa": {"a": 0, "k": 0, "ix": 5}, "nm": "Transform"}], "nm": "cube", "np": 2, "cix": 2, "bm": 0, "ix": 1, "mn": "ADBE Vector Group", "hd": false}, {"ty": "gr", "it": [{"ind": 0, "ty": "sh", "ix": 1, "ks": {"a": 0, "k": {"i": [[0, 0], [0, 0], [0, 0], [0, 0]], "o": [[0, 0], [0, 0], [0, 0], [0, 0]], "v": [[-3, 2.999], [3, 2.999], [3, -2.999], [-3, -2.999]], "c": true}, "ix": 2}, "nm": "Path 1", "mn": "ADBE Vector Shape - Group", "hd": false}, {"ty": "fl", "c": {"a": 0, "k": [0.25882352941176473, 0.6784313725490196, 0.996078431372549, 1], "ix": 4}, "o": {"a": 0, "k": 100, "ix": 5}, "r": 1, "bm": 0, "nm": "Fill 1", "mn": "ADBE Vector Graphic - Fill", "hd": false}, {"ty": "tr", "p": {"a": 0, "k": [21, 15], "ix": 2}, "a": {"a": 0, "k": [0, 0], "ix": 1}, "s": {"a": 1, "k": [{"i": {"x": [0.667, 0.667], "y": [1, 1]}, "o": {"x": [0.333, 0.333], "y": [0, 0]}, "t": 15, "s": [0, 0]}, {"i": {"x": [0.667, 0.667], "y": [1, 1]}, "o": {"x": [0.333, 0.333], "y": [0, 0]}, "t": 25, "s": [100, 100]}, {"i": {"x": [0.667, 0.667], "y": [1, 1]}, "o": {"x": [0.333, 0.333], "y": [0, 0]}, "t": 33, "s": [100, 100]}, {"t": 43, "s": [0, 0]}], "ix": 3}, "r": {"a": 0, "k": 0, "ix": 6}, "o": {"a": 0, "k": 100, "ix": 7}, "sk": {"a": 0, "k": 0, "ix": 4}, "sa": {"a": 0, "k": 0, "ix": 5}, "nm": "Transform"}], "nm": "cube", "np": 2, "cix": 2, "bm": 0, "ix": 2, "mn": "ADBE Vector Group", "hd": false}, {"ty": "tr", "p": {"a": 0, "k": [18, 18], "ix": 2}, "a": {"a": 0, "k": [18, 18], "ix": 1}, "s": {"a": 0, "k": [100, 100], "ix": 3}, "r": {"a": 0, "k": 0, "ix": 6}, "o": {"a": 0, "k": 100, "ix": 7}, "sk": {"a": 0, "k": 0, "ix": 4}, "sa": {"a": 0, "k": 0, "ix": 5}, "nm": "Transform"}], "nm": "6", "np": 2, "cix": 2, "bm": 0, "ix": 2, "mn": "ADBE Vector Group", "hd": false}, {"ty": "gr", "it": [{"ty": "gr", "it": [{"ind": 0, "ty": "sh", "ix": 1, "ks": {"a": 0, "k": {"i": [[0, 0], [0, 0], [0, 0], [0, 0]], "o": [[0, 0], [0, 0], [0, 0], [0, 0]], "v": [[-2.999, 3], [2.999, 3], [2.999, -3], [-2.999, -3]], "c": true}, "ix": 2}, "nm": "Path 1", "mn": "ADBE Vector Shape - Group", "hd": false}, {"ty": "fl", "c": {"a": 0, "k": [0.25882352941176473, 0.6784313725490196, 0.996078431372549, 1], "ix": 4}, "o": {"a": 0, "k": 100, "ix": 5}, "r": 1, "bm": 0, "nm": "Fill 1", "mn": "ADBE Vector Graphic - Fill", "hd": false}, {"ty": "tr", "p": {"a": 0, "k": [9, 21], "ix": 2}, "a": {"a": 0, "k": [0, 0], "ix": 1}, "s": {"a": 1, "k": [{"i": {"x": [0.667, 0.667], "y": [1, 1]}, "o": {"x": [0.333, 0.333], "y": [0, 0]}, "t": 12, "s": [0, 0]}, {"i": {"x": [0.833, 0.833], "y": [1, 1]}, "o": {"x": [0.167, 0.167], "y": [0, 0]}, "t": 22, "s": [100, 100]}, {"i": {"x": [0.667, 0.667], "y": [1, 1]}, "o": {"x": [0.333, 0.333], "y": [0, 0]}, "t": 30, "s": [100, 100]}, {"t": 40, "s": [0, 0]}], "ix": 3}, "r": {"a": 0, "k": 0, "ix": 6}, "o": {"a": 0, "k": 100, "ix": 7}, "sk": {"a": 0, "k": 0, "ix": 4}, "sa": {"a": 0, "k": 0, "ix": 5}, "nm": "Transform"}], "nm": "cube", "np": 2, "cix": 2, "bm": 0, "ix": 1, "mn": "ADBE Vector Group", "hd": false}, {"ty": "gr", "it": [{"ind": 0, "ty": "sh", "ix": 1, "ks": {"a": 0, "k": {"i": [[0, 0], [0, 0], [0, 0], [0, 0]], "o": [[0, 0], [0, 0], [0, 0], [0, 0]], "v": [[3, 3], [-3, 3], [-3, -3], [3, -3]], "c": true}, "ix": 2}, "nm": "Path 1", "mn": "ADBE Vector Shape - Group", "hd": false}, {"ty": "fl", "c": {"a": 0, "k": [0.25882352941176473, 0.6784313725490196, 0.996078431372549, 1], "ix": 4}, "o": {"a": 0, "k": 100, "ix": 5}, "r": 1, "bm": 0, "nm": "Fill 1", "mn": "ADBE Vector Graphic - Fill", "hd": false}, {"ty": "tr", "p": {"a": 0, "k": [15, 15], "ix": 2}, "a": {"a": 0, "k": [0, 0], "ix": 1}, "s": {"a": 1, "k": [{"i": {"x": [0.667, 0.667], "y": [1, 1]}, "o": {"x": [0.333, 0.333], "y": [0, 0]}, "t": 12, "s": [0, 0]}, {"i": {"x": [0.833, 0.833], "y": [1, 1]}, "o": {"x": [0.167, 0.167], "y": [0, 0]}, "t": 22, "s": [100, 100]}, {"i": {"x": [0.667, 0.667], "y": [1, 1]}, "o": {"x": [0.333, 0.333], "y": [0, 0]}, "t": 30, "s": [100, 100]}, {"t": 40, "s": [0, 0]}], "ix": 3}, "r": {"a": 0, "k": 0, "ix": 6}, "o": {"a": 0, "k": 100, "ix": 7}, "sk": {"a": 0, "k": 0, "ix": 4}, "sa": {"a": 0, "k": 0, "ix": 5}, "nm": "Transform"}], "nm": "cube", "np": 2, "cix": 2, "bm": 0, "ix": 2, "mn": "ADBE Vector Group", "hd": false}, {"ty": "gr", "it": [{"ind": 0, "ty": "sh", "ix": 1, "ks": {"a": 0, "k": {"i": [[0, 0], [0, 0], [0, 0], [0, 0]], "o": [[0, 0], [0, 0], [0, 0], [0, 0]], "v": [[-3, 3], [3, 3], [3, -3], [-3, -3]], "c": true}, "ix": 2}, "nm": "Path 1", "mn": "ADBE Vector Shape - Group", "hd": false}, {"ty": "fl", "c": {"a": 0, "k": [0.25882352941176473, 0.6784313725490196, 0.996078431372549, 1], "ix": 4}, "o": {"a": 0, "k": 100, "ix": 5}, "r": 1, "bm": 0, "nm": "Fill 1", "mn": "ADBE Vector Graphic - Fill", "hd": false}, {"ty": "tr", "p": {"a": 0, "k": [21, 9], "ix": 2}, "a": {"a": 0, "k": [0, 0], "ix": 1}, "s": {"a": 1, "k": [{"i": {"x": [0.667, 0.667], "y": [1, 1]}, "o": {"x": [0.333, 0.333], "y": [0, 0]}, "t": 12, "s": [0, 0]}, {"i": {"x": [0.833, 0.833], "y": [1, 1]}, "o": {"x": [0.167, 0.167], "y": [0, 0]}, "t": 22, "s": [100, 100]}, {"i": {"x": [0.667, 0.667], "y": [1, 1]}, "o": {"x": [0.333, 0.333], "y": [0, 0]}, "t": 30, "s": [100, 100]}, {"t": 40, "s": [0, 0]}], "ix": 3}, "r": {"a": 0, "k": 0, "ix": 6}, "o": {"a": 0, "k": 100, "ix": 7}, "sk": {"a": 0, "k": 0, "ix": 4}, "sa": {"a": 0, "k": 0, "ix": 5}, "nm": "Transform"}], "nm": "cube", "np": 2, "cix": 2, "bm": 0, "ix": 3, "mn": "ADBE Vector Group", "hd": false}, {"ty": "tr", "p": {"a": 0, "k": [15, 15], "ix": 2}, "a": {"a": 0, "k": [15, 15], "ix": 1}, "s": {"a": 0, "k": [100, 100], "ix": 3}, "r": {"a": 0, "k": 0, "ix": 6}, "o": {"a": 0, "k": 100, "ix": 7}, "sk": {"a": 0, "k": 0, "ix": 4}, "sa": {"a": 0, "k": 0, "ix": 5}, "nm": "Transform"}], "nm": "5", "np": 3, "cix": 2, "bm": 0, "ix": 3, "mn": "ADBE Vector Group", "hd": false}, {"ty": "gr", "it": [{"ty": "gr", "it": [{"ind": 0, "ty": "sh", "ix": 1, "ks": {"a": 0, "k": {"i": [[0, 0], [0, 0], [0, 0], [0, 0]], "o": [[0, 0], [0, 0], [0, 0], [0, 0]], "v": [[-3, 3], [3, 3], [3, -3], [-3, -3]], "c": true}, "ix": 2}, "nm": "Path 1", "mn": "ADBE Vector Shape - Group", "hd": false}, {"ty": "fl", "c": {"a": 0, "k": [0.25882352941176473, 0.6784313725490196, 0.996078431372549, 1], "ix": 4}, "o": {"a": 0, "k": 100, "ix": 5}, "r": 1, "bm": 0, "nm": "Fill 1", "mn": "ADBE Vector Graphic - Fill", "hd": false}, {"ty": "tr", "p": {"a": 0, "k": [3, 21], "ix": 2}, "a": {"a": 0, "k": [0, 0], "ix": 1}, "s": {"a": 1, "k": [{"i": {"x": [0.667, 0.667], "y": [1, 1]}, "o": {"x": [0.333, 0.333], "y": [0, 0]}, "t": 9, "s": [0, 0]}, {"i": {"x": [0.667, 0.667], "y": [1, 1]}, "o": {"x": [0.333, 0.333], "y": [0, 0]}, "t": 19, "s": [100, 100]}, {"i": {"x": [0.667, 0.667], "y": [1, 1]}, "o": {"x": [0.333, 0.333], "y": [0, 0]}, "t": 27, "s": [100, 100]}, {"t": 37, "s": [0, 0]}], "ix": 3}, "r": {"a": 0, "k": 0, "ix": 6}, "o": {"a": 0, "k": 100, "ix": 7}, "sk": {"a": 0, "k": 0, "ix": 4}, "sa": {"a": 0, "k": 0, "ix": 5}, "nm": "Transform"}], "nm": "cube", "np": 2, "cix": 2, "bm": 0, "ix": 1, "mn": "ADBE Vector Group", "hd": false}, {"ty": "gr", "it": [{"ind": 0, "ty": "sh", "ix": 1, "ks": {"a": 0, "k": {"i": [[0, 0], [0, 0], [0, 0], [0, 0]], "o": [[0, 0], [0, 0], [0, 0], [0, 0]], "v": [[3, 3], [-3, 3], [-3, -3], [3, -3]], "c": true}, "ix": 2}, "nm": "Path 1", "mn": "ADBE Vector Shape - Group", "hd": false}, {"ty": "fl", "c": {"a": 0, "k": [0.25882352941176473, 0.6784313725490196, 0.996078431372549, 1], "ix": 4}, "o": {"a": 0, "k": 100, "ix": 5}, "r": 1, "bm": 0, "nm": "Fill 1", "mn": "ADBE Vector Graphic - Fill", "hd": false}, {"ty": "tr", "p": {"a": 0, "k": [9, 15], "ix": 2}, "a": {"a": 0, "k": [0, 0], "ix": 1}, "s": {"a": 1, "k": [{"i": {"x": [0.667, 0.667], "y": [1, 1]}, "o": {"x": [0.333, 0.333], "y": [0, 0]}, "t": 9, "s": [0, 0]}, {"i": {"x": [0.667, 0.667], "y": [1, 1]}, "o": {"x": [0.333, 0.333], "y": [0, 0]}, "t": 19, "s": [100, 100]}, {"i": {"x": [0.667, 0.667], "y": [1, 1]}, "o": {"x": [0.333, 0.333], "y": [0, 0]}, "t": 27, "s": [100, 100]}, {"t": 37, "s": [0, 0]}], "ix": 3}, "r": {"a": 0, "k": 0, "ix": 6}, "o": {"a": 0, "k": 100, "ix": 7}, "sk": {"a": 0, "k": 0, "ix": 4}, "sa": {"a": 0, "k": 0, "ix": 5}, "nm": "Transform"}], "nm": "cube", "np": 2, "cix": 2, "bm": 0, "ix": 2, "mn": "ADBE Vector Group", "hd": false}, {"ty": "gr", "it": [{"ind": 0, "ty": "sh", "ix": 1, "ks": {"a": 0, "k": {"i": [[0, 0], [0, 0], [0, 0], [0, 0]], "o": [[0, 0], [0, 0], [0, 0], [0, 0]], "v": [[3, 3], [-3, 3], [-3, -3], [3, -3]], "c": true}, "ix": 2}, "nm": "Path 1", "mn": "ADBE Vector Shape - Group", "hd": false}, {"ty": "fl", "c": {"a": 0, "k": [0.25882352941176473, 0.6784313725490196, 0.996078431372549, 1], "ix": 4}, "o": {"a": 0, "k": 100, "ix": 5}, "r": 1, "bm": 0, "nm": "Fill 1", "mn": "ADBE Vector Graphic - Fill", "hd": false}, {"ty": "tr", "p": {"a": 0, "k": [15, 9], "ix": 2}, "a": {"a": 0, "k": [0, 0], "ix": 1}, "s": {"a": 1, "k": [{"i": {"x": [0.667, 0.667], "y": [1, 1]}, "o": {"x": [0.333, 0.333], "y": [0, 0]}, "t": 9, "s": [0, 0]}, {"i": {"x": [0.667, 0.667], "y": [1, 1]}, "o": {"x": [0.333, 0.333], "y": [0, 0]}, "t": 19, "s": [100, 100]}, {"i": {"x": [0.667, 0.667], "y": [1, 1]}, "o": {"x": [0.333, 0.333], "y": [0, 0]}, "t": 27, "s": [100, 100]}, {"t": 37, "s": [0, 0]}], "ix": 3}, "r": {"a": 0, "k": 0, "ix": 6}, "o": {"a": 0, "k": 100, "ix": 7}, "sk": {"a": 0, "k": 0, "ix": 4}, "sa": {"a": 0, "k": 0, "ix": 5}, "nm": "Transform"}], "nm": "cube", "np": 2, "cix": 2, "bm": 0, "ix": 3, "mn": "ADBE Vector Group", "hd": false}, {"ty": "gr", "it": [{"ind": 0, "ty": "sh", "ix": 1, "ks": {"a": 0, "k": {"i": [[0, 0], [0, 0], [0, 0], [0, 0]], "o": [[0, 0], [0, 0], [0, 0], [0, 0]], "v": [[-3, 3], [3, 3], [3, -3], [-3, -3]], "c": true}, "ix": 2}, "nm": "Path 1", "mn": "ADBE Vector Shape - Group", "hd": false}, {"ty": "fl", "c": {"a": 0, "k": [0.25882352941176473, 0.6784313725490196, 0.996078431372549, 1], "ix": 4}, "o": {"a": 0, "k": 100, "ix": 5}, "r": 1, "bm": 0, "nm": "Fill 1", "mn": "ADBE Vector Graphic - Fill", "hd": false}, {"ty": "tr", "p": {"a": 0, "k": [21, 3], "ix": 2}, "a": {"a": 0, "k": [0, 0], "ix": 1}, "s": {"a": 1, "k": [{"i": {"x": [0.667, 0.667], "y": [1, 1]}, "o": {"x": [0.333, 0.333], "y": [0, 0]}, "t": 9, "s": [0, 0]}, {"i": {"x": [0.667, 0.667], "y": [1, 1]}, "o": {"x": [0.333, 0.333], "y": [0, 0]}, "t": 19, "s": [100, 100]}, {"i": {"x": [0.667, 0.667], "y": [1, 1]}, "o": {"x": [0.333, 0.333], "y": [0, 0]}, "t": 27, "s": [100, 100]}, {"t": 37, "s": [0, 0]}], "ix": 3}, "r": {"a": 0, "k": 0, "ix": 6}, "o": {"a": 0, "k": 100, "ix": 7}, "sk": {"a": 0, "k": 0, "ix": 4}, "sa": {"a": 0, "k": 0, "ix": 5}, "nm": "Transform"}], "nm": "cube", "np": 2, "cix": 2, "bm": 0, "ix": 4, "mn": "ADBE Vector Group", "hd": false}, {"ty": "tr", "p": {"a": 0, "k": [12, 12], "ix": 2}, "a": {"a": 0, "k": [12, 12], "ix": 1}, "s": {"a": 0, "k": [100, 100], "ix": 3}, "r": {"a": 0, "k": 0, "ix": 6}, "o": {"a": 0, "k": 100, "ix": 7}, "sk": {"a": 0, "k": 0, "ix": 4}, "sa": {"a": 0, "k": 0, "ix": 5}, "nm": "Transform"}], "nm": "4", "np": 4, "cix": 2, "bm": 0, "ix": 4, "mn": "ADBE Vector Group", "hd": false}, {"ty": "gr", "it": [{"ty": "gr", "it": [{"ind": 0, "ty": "sh", "ix": 1, "ks": {"a": 0, "k": {"i": [[0, 0], [0, 0], [0, 0], [0, 0]], "o": [[0, 0], [0, 0], [0, 0], [0, 0]], "v": [[-3, 2.999], [3, 2.999], [3, -2.999], [-3, -2.999]], "c": true}, "ix": 2}, "nm": "Path 1", "mn": "ADBE Vector Shape - Group", "hd": false}, {"ty": "fl", "c": {"a": 0, "k": [0.25882352941176473, 0.6784313725490196, 0.996078431372549, 1], "ix": 4}, "o": {"a": 0, "k": 100, "ix": 5}, "r": 1, "bm": 0, "nm": "Fill 1", "mn": "ADBE Vector Graphic - Fill", "hd": false}, {"ty": "tr", "p": {"a": 0, "k": [3, 15], "ix": 2}, "a": {"a": 0, "k": [0, 0], "ix": 1}, "s": {"a": 1, "k": [{"i": {"x": [0.667, 0.667], "y": [1, 1]}, "o": {"x": [0.333, 0.333], "y": [0, 0]}, "t": 6, "s": [0, 0]}, {"i": {"x": [0.667, 0.667], "y": [1, 1]}, "o": {"x": [0.167, 0.167], "y": [0, 0]}, "t": 16, "s": [100, 100]}, {"i": {"x": [0.667, 0.667], "y": [1, 1]}, "o": {"x": [0.333, 0.333], "y": [0, 0]}, "t": 24, "s": [100, 100]}, {"t": 34, "s": [0, 0]}], "ix": 3}, "r": {"a": 0, "k": 0, "ix": 6}, "o": {"a": 0, "k": 100, "ix": 7}, "sk": {"a": 0, "k": 0, "ix": 4}, "sa": {"a": 0, "k": 0, "ix": 5}, "nm": "Transform"}], "nm": "cube", "np": 2, "cix": 2, "bm": 0, "ix": 1, "mn": "ADBE Vector Group", "hd": false}, {"ty": "gr", "it": [{"ind": 0, "ty": "sh", "ix": 1, "ks": {"a": 0, "k": {"i": [[0, 0], [0, 0], [0, 0], [0, 0]], "o": [[0, 0], [0, 0], [0, 0], [0, 0]], "v": [[3, 3], [-3, 3], [-3, -3], [3, -3]], "c": true}, "ix": 2}, "nm": "Path 1", "mn": "ADBE Vector Shape - Group", "hd": false}, {"ty": "fl", "c": {"a": 0, "k": [0.25882352941176473, 0.6784313725490196, 0.996078431372549, 1], "ix": 4}, "o": {"a": 0, "k": 100, "ix": 5}, "r": 1, "bm": 0, "nm": "Fill 1", "mn": "ADBE Vector Graphic - Fill", "hd": false}, {"ty": "tr", "p": {"a": 0, "k": [9, 9], "ix": 2}, "a": {"a": 0, "k": [0, 0], "ix": 1}, "s": {"a": 1, "k": [{"i": {"x": [0.667, 0.667], "y": [1, 1]}, "o": {"x": [0.333, 0.333], "y": [0, 0]}, "t": 6, "s": [0, 0]}, {"i": {"x": [0.667, 0.667], "y": [1, 1]}, "o": {"x": [0.167, 0.167], "y": [0, 0]}, "t": 16, "s": [100, 100]}, {"i": {"x": [0.667, 0.667], "y": [1, 1]}, "o": {"x": [0.333, 0.333], "y": [0, 0]}, "t": 24, "s": [100, 100]}, {"t": 34, "s": [0, 0]}], "ix": 3}, "r": {"a": 0, "k": 0, "ix": 6}, "o": {"a": 0, "k": 100, "ix": 7}, "sk": {"a": 0, "k": 0, "ix": 4}, "sa": {"a": 0, "k": 0, "ix": 5}, "nm": "Transform"}], "nm": "cube", "np": 2, "cix": 2, "bm": 0, "ix": 2, "mn": "ADBE Vector Group", "hd": false}, {"ty": "gr", "it": [{"ind": 0, "ty": "sh", "ix": 1, "ks": {"a": 0, "k": {"i": [[0, 0], [0, 0], [0, 0], [0, 0]], "o": [[0, 0], [0, 0], [0, 0], [0, 0]], "v": [[-3, 3], [3, 3], [3, -3], [-3, -3]], "c": true}, "ix": 2}, "nm": "Path 1", "mn": "ADBE Vector Shape - Group", "hd": false}, {"ty": "fl", "c": {"a": 0, "k": [0.25882352941176473, 0.6784313725490196, 0.996078431372549, 1], "ix": 4}, "o": {"a": 0, "k": 100, "ix": 5}, "r": 1, "bm": 0, "nm": "Fill 1", "mn": "ADBE Vector Graphic - Fill", "hd": false}, {"ty": "tr", "p": {"a": 0, "k": [15, 3], "ix": 2}, "a": {"a": 0, "k": [0, 0], "ix": 1}, "s": {"a": 1, "k": [{"i": {"x": [0.667, 0.667], "y": [1, 1]}, "o": {"x": [0.333, 0.333], "y": [0, 0]}, "t": 6, "s": [0, 0]}, {"i": {"x": [0.667, 0.667], "y": [1, 1]}, "o": {"x": [0.167, 0.167], "y": [0, 0]}, "t": 16, "s": [100, 100]}, {"i": {"x": [0.667, 0.667], "y": [1, 1]}, "o": {"x": [0.333, 0.333], "y": [0, 0]}, "t": 24, "s": [100, 100]}, {"t": 34, "s": [0, 0]}], "ix": 3}, "r": {"a": 0, "k": 0, "ix": 6}, "o": {"a": 0, "k": 100, "ix": 7}, "sk": {"a": 0, "k": 0, "ix": 4}, "sa": {"a": 0, "k": 0, "ix": 5}, "nm": "Transform"}], "nm": "cube", "np": 2, "cix": 2, "bm": 0, "ix": 3, "mn": "ADBE Vector Group", "hd": false}, {"ty": "tr", "p": {"a": 0, "k": [9, 9], "ix": 2}, "a": {"a": 0, "k": [9, 9], "ix": 1}, "s": {"a": 0, "k": [100, 100], "ix": 3}, "r": {"a": 0, "k": 0, "ix": 6}, "o": {"a": 0, "k": 100, "ix": 7}, "sk": {"a": 0, "k": 0, "ix": 4}, "sa": {"a": 0, "k": 0, "ix": 5}, "nm": "Transform"}], "nm": "3", "np": 3, "cix": 2, "bm": 0, "ix": 5, "mn": "ADBE Vector Group", "hd": false}, {"ty": "gr", "it": [{"ty": "gr", "it": [{"ind": 0, "ty": "sh", "ix": 1, "ks": {"a": 0, "k": {"i": [[0, 0], [0, 0], [0, 0], [0, 0]], "o": [[0, 0], [0, 0], [0, 0], [0, 0]], "v": [[-3, 3], [3, 3], [3, -3], [-3, -3]], "c": true}, "ix": 2}, "nm": "Path 1", "mn": "ADBE Vector Shape - Group", "hd": false}, {"ty": "fl", "c": {"a": 0, "k": [0.25882352941176473, 0.6784313725490196, 0.996078431372549, 1], "ix": 4}, "o": {"a": 0, "k": 100, "ix": 5}, "r": 1, "bm": 0, "nm": "Fill 1", "mn": "ADBE Vector Graphic - Fill", "hd": false}, {"ty": "tr", "p": {"a": 0, "k": [3, 9], "ix": 2}, "a": {"a": 0, "k": [0, 0], "ix": 1}, "s": {"a": 1, "k": [{"i": {"x": [0.667, 0.667], "y": [1, 1]}, "o": {"x": [0.333, 0.333], "y": [0, 0]}, "t": 3, "s": [0, 0]}, {"i": {"x": [0.667, 0.667], "y": [1, 1]}, "o": {"x": [0.167, 0.167], "y": [0, 0]}, "t": 13, "s": [100, 100]}, {"i": {"x": [0.667, 0.667], "y": [1, 1]}, "o": {"x": [0.333, 0.333], "y": [0, 0]}, "t": 21, "s": [100, 100]}, {"t": 31, "s": [0, 0]}], "ix": 3}, "r": {"a": 0, "k": 0, "ix": 6}, "o": {"a": 0, "k": 100, "ix": 7}, "sk": {"a": 0, "k": 0, "ix": 4}, "sa": {"a": 0, "k": 0, "ix": 5}, "nm": "Transform"}], "nm": "cube", "np": 2, "cix": 2, "bm": 0, "ix": 1, "mn": "ADBE Vector Group", "hd": false}, {"ty": "gr", "it": [{"ind": 0, "ty": "sh", "ix": 1, "ks": {"a": 0, "k": {"i": [[0, 0], [0, 0], [0, 0], [0, 0]], "o": [[0, 0], [0, 0], [0, 0], [0, 0]], "v": [[-2.999, 3], [2.999, 3], [2.999, -3], [-2.999, -3]], "c": true}, "ix": 2}, "nm": "Path 1", "mn": "ADBE Vector Shape - Group", "hd": false}, {"ty": "fl", "c": {"a": 0, "k": [0.25882352941176473, 0.6784313725490196, 0.996078431372549, 1], "ix": 4}, "o": {"a": 0, "k": 100, "ix": 5}, "r": 1, "bm": 0, "nm": "Fill 1", "mn": "ADBE Vector Graphic - Fill", "hd": false}, {"ty": "tr", "p": {"a": 0, "k": [9, 3], "ix": 2}, "a": {"a": 0, "k": [0, 0], "ix": 1}, "s": {"a": 1, "k": [{"i": {"x": [0.667, 0.667], "y": [1, 1]}, "o": {"x": [0.333, 0.333], "y": [0, 0]}, "t": 3, "s": [0, 0]}, {"i": {"x": [0.667, 0.667], "y": [1, 1]}, "o": {"x": [0.167, 0.167], "y": [0, 0]}, "t": 13, "s": [100, 100]}, {"i": {"x": [0.667, 0.667], "y": [1, 1]}, "o": {"x": [0.333, 0.333], "y": [0, 0]}, "t": 21, "s": [100, 100]}, {"t": 31, "s": [0, 0]}], "ix": 3}, "r": {"a": 0, "k": 0, "ix": 6}, "o": {"a": 0, "k": 100, "ix": 7}, "sk": {"a": 0, "k": 0, "ix": 4}, "sa": {"a": 0, "k": 0, "ix": 5}, "nm": "Transform"}], "nm": "cube", "np": 2, "cix": 2, "bm": 0, "ix": 2, "mn": "ADBE Vector Group", "hd": false}, {"ty": "tr", "p": {"a": 0, "k": [6, 6], "ix": 2}, "a": {"a": 0, "k": [6, 6], "ix": 1}, "s": {"a": 0, "k": [100, 100], "ix": 3}, "r": {"a": 0, "k": 0, "ix": 6}, "o": {"a": 0, "k": 100, "ix": 7}, "sk": {"a": 0, "k": 0, "ix": 4}, "sa": {"a": 0, "k": 0, "ix": 5}, "nm": "Transform"}], "nm": "2", "np": 2, "cix": 2, "bm": 0, "ix": 6, "mn": "ADBE Vector Group", "hd": false}, {"ty": "gr", "it": [{"ind": 0, "ty": "sh", "ix": 1, "ks": {"a": 0, "k": {"i": [[0, 0], [0, 0], [0, 0], [0, 0]], "o": [[0, 0], [0, 0], [0, 0], [0, 0]], "v": [[-3, 3], [3, 3], [3, -3], [-3, -3]], "c": true}, "ix": 2}, "nm": "Path 1", "mn": "ADBE Vector Shape - Group", "hd": false}, {"ty": "fl", "c": {"a": 0, "k": [0.25882352941176473, 0.6784313725490196, 0.996078431372549, 1], "ix": 4}, "o": {"a": 0, "k": 100, "ix": 5}, "r": 1, "bm": 0, "nm": "Fill 1", "mn": "ADBE Vector Graphic - Fill", "hd": false}, {"ty": "tr", "p": {"a": 0, "k": [3, 3], "ix": 2}, "a": {"a": 0, "k": [0, 0], "ix": 1}, "s": {"a": 1, "k": [{"i": {"x": [0.667, 0.667], "y": [1, 1]}, "o": {"x": [0.333, 0.333], "y": [0, 0]}, "t": 0, "s": [0, 0]}, {"i": {"x": [0.667, 0.667], "y": [1, 1]}, "o": {"x": [0.333, 0.333], "y": [0, 0]}, "t": 10, "s": [100, 100]}, {"i": {"x": [0.667, 0.667], "y": [1, 1]}, "o": {"x": [0.333, 0.333], "y": [0, 0]}, "t": 18, "s": [100, 100]}, {"t": 28, "s": [0, 0]}], "ix": 3}, "r": {"a": 0, "k": 0, "ix": 6}, "o": {"a": 0, "k": 100, "ix": 7}, "sk": {"a": 0, "k": 0, "ix": 4}, "sa": {"a": 0, "k": 0, "ix": 5}, "nm": "Transform"}], "nm": "1", "np": 2, "cix": 2, "bm": 0, "ix": 7, "mn": "ADBE Vector Group", "hd": false}], "ip": 0, "op": 46, "st": 0, "bm": 0}], "markers": []}